{
    "Longitude":72.58708927116426,
    "Latitude":23.027590126074685
},
{
    "Longitude":72.58593030906115,
    "Latitude":23.026952715584258
},
{
    "Longitude":72.58745154605987,
    "Latitude":23.02920757564513 
}